<document>
	<config>
		<!-- in seconds -->
		<runDuration>3600</runDuration>
		
		<numberOfRuns>333</numberOfRuns>
		<numberOfAllRewards>333</numberOfAllRewards>
		
		<rawSpeedDivider>-160</rawSpeedDivider>
		<rawRotationDivider>5000</rawRotationDivider>
		
		<numMice>1</numMice>

		<monitorPositiveElevation>50</monitorPositiveElevation> <!-- degrees the monitor will display above horizon -->
		<monitorNegativeElevation>-30</monitorNegativeElevation> <!-- degrees the monitor will display below the horizon -->
		<monitorAzimuth>60</monitorAzimuth> <!-- degrees each monitor spans in azimuth -->
		<fovNasalAzimuth>0</fovNasalAzimuth>
		<fovTemporalAzimuth>90</fovTemporalAzimuth>

		<!-- Change if resolution not 2770x1440 -->
		<occluderXScale>0.6</occluderXScale>  <!-- Scale value that covers full azimuth by occluder -->
		<occluderYScale>0.93</occluderYScale>  <!-- Scale  value that covers full elevation by occluder -->

		<!-- Params for free-moving -->
		<freeMonitorPositiveElevation>66</freeMonitorPositiveElevation>
		<freeOccluderYScale>0.21</freeOccluderYScale>

		<rewardDur>33</rewardDur>  <!-- in milliseconds -->
		<rewardSize>2.2</rewardSize>  <!-- in ul -->
		
		<vrGoogleSheetsName>UCSF: VR Mouse Behavior</vrGoogleSheetsName>
		<freeGoogleSheetsName>UCSF: FM Mouse Behavior</freeGoogleSheetsName>
		
		<!-- DEPRECATED and IGNORED -->
		<treeVisibleOnCenterScreen>30</treeVisibleOnCenterScreen> 
		<!-- Degrees from the tree side that allow tree visibility on center screen.
			 For example, 30 degrees would allow 1/4 of the center screen to show the tree
			 A setting of 60 degrees would display the tree only in 1 hemifield, but
			 because a small central portion of the hemifield is transmitted to both 
			 V1 hemispheres, this might allow the mouse to use the intact hemisphere to
			 do the task after unilateral lesion.  So set to 30 degrees to be conservative.
		-->
	 </config>
</document>